{
  "vehicle_counts": [
    100,
    200,
    300,
    400,
    500,
    600
  ],
  "storage_sizes": [
    3069.23828125,
    6138.4765625,
    9207.71484375,
    12276.953125,
    15346.19140625,
    18415.421875
  ]
}